-- MySQL Script generated by MySQL Workbench
-- Thu Nov 30 22:19:08 2023
-- Model: New Model    Version: 1.0
-- MySQL Workbench Forward Engineering

SET @OLD_UNIQUE_CHECKS=@@UNIQUE_CHECKS, UNIQUE_CHECKS=0;
SET @OLD_FOREIGN_KEY_CHECKS=@@FOREIGN_KEY_CHECKS, FOREIGN_KEY_CHECKS=0;
SET @OLD_SQL_MODE=@@SQL_MODE, SQL_MODE='ONLY_FULL_GROUP_BY,STRICT_TRANS_TABLES,NO_ZERO_IN_DATE,NO_ZERO_DATE,ERROR_FOR_DIVISION_BY_ZERO,NO_ENGINE_SUBSTITUTION';

-- -----------------------------------------------------
-- Schema incidentes
-- -----------------------------------------------------
DROP SCHEMA IF EXISTS `incidentes` ;

-- -----------------------------------------------------
-- Schema incidentes
-- -----------------------------------------------------
CREATE SCHEMA IF NOT EXISTS `incidentes` DEFAULT CHARACTER SET utf8 ;
USE `incidentes` ;

-- -----------------------------------------------------
-- Table `incidentes`.`Servicio`
-- -----------------------------------------------------
CREATE TABLE IF NOT EXISTS `incidentes`.`Servicio` (
  `idServicio` VARCHAR(100) NOT NULL,
  `areaServicio` VARCHAR(100) NOT NULL,
  PRIMARY KEY (`idServicio`))
ENGINE = InnoDB;


-- -----------------------------------------------------
-- Table `incidentes`.`Cliente`
-- -----------------------------------------------------
CREATE TABLE IF NOT EXISTS `incidentes`.`Cliente` (
  `cuitCliente` VARCHAR(25) NOT NULL,
  `razonSocial` VARCHAR(45) NOT NULL,
  `emailCliente` VARCHAR(45) NOT NULL,
  PRIMARY KEY (`cuitCliente`))
ENGINE = InnoDB;


-- -----------------------------------------------------
-- Table `incidentes`.`Problema`
-- -----------------------------------------------------
CREATE TABLE IF NOT EXISTS `incidentes`.`Problema` (
  `idProblema` INT NOT NULL,
  `descripcion` VARCHAR(100) NULL,
  PRIMARY KEY (`idProblema`))
ENGINE = InnoDB;


-- -----------------------------------------------------
-- Table `incidentes`.`Reporte`
-- -----------------------------------------------------
CREATE TABLE IF NOT EXISTS `incidentes`.`Reporte` (
  `idReporte` INT NOT NULL,
  `descripcionReporte` VARCHAR(400) NOT NULL,
  `idProblema` INT NOT NULL,
  PRIMARY KEY (`idReporte`, `idProblema`),
  INDEX `fk_Reporte_Problema1_idx` (`idProblema` ASC) VISIBLE,
  CONSTRAINT `fk_Reporte_Problema1`
    FOREIGN KEY (`idProblema`)
    REFERENCES `incidentes`.`Problema` (`idProblema`)
    ON DELETE NO ACTION
    ON UPDATE NO ACTION)
ENGINE = InnoDB;


-- -----------------------------------------------------
-- Table `incidentes`.`Tecnico`
-- -----------------------------------------------------
CREATE TABLE IF NOT EXISTS `incidentes`.`Tecnico` (
  `nombreApellido` VARCHAR(80) NOT NULL,
  `telefono` VARCHAR(45) NULL,
  `idTecnico` INT NOT NULL,
  `emailTecnico` VARCHAR(45) NULL,
  PRIMARY KEY (`idTecnico`))
ENGINE = InnoDB;


-- -----------------------------------------------------
-- Table `incidentes`.`Caso`
-- -----------------------------------------------------
CREATE TABLE IF NOT EXISTS `incidentes`.`Caso` (
  `aperturaTicket` DATE NOT NULL,
  `descripcion` VARCHAR(400) NOT NULL,
  `veredictoTecnico` VARCHAR(400) NOT NULL,
  `cierreTicket` DATE NOT NULL,
  `idCaso` INT NOT NULL,
  `idServicio` VARCHAR(100) NOT NULL,
  `cuitCliente` VARCHAR(25) NOT NULL,
  `idReporte` INT NOT NULL,
  `idTecnicoQueResolvio` INT NOT NULL,
  PRIMARY KEY (`idCaso`, `idServicio`, `cuitCliente`, `idReporte`, `idTecnicoQueResolvio`),
  INDEX `fk_Case_Service1_idx` (`idServicio` ASC) VISIBLE,
  INDEX `fk_Caso_Cliente1_idx` (`cuitCliente` ASC) VISIBLE,
  INDEX `fk_Caso_Reporte1_idx` (`idReporte` ASC) VISIBLE,
  INDEX `fk_Caso_Tecnico1_idx` (`idTecnicoQueResolvio` ASC) VISIBLE,
  CONSTRAINT `fk_Case_Service1`
    FOREIGN KEY (`idServicio`)
    REFERENCES `incidentes`.`Servicio` (`idServicio`)
    ON DELETE NO ACTION
    ON UPDATE NO ACTION,
  CONSTRAINT `fk_Caso_Cliente1`
    FOREIGN KEY (`cuitCliente`)
    REFERENCES `incidentes`.`Cliente` (`cuitCliente`)
    ON DELETE NO ACTION
    ON UPDATE NO ACTION,
  CONSTRAINT `fk_Caso_Reporte1`
    FOREIGN KEY (`idReporte`)
    REFERENCES `incidentes`.`Reporte` (`idReporte`)
    ON DELETE NO ACTION
    ON UPDATE NO ACTION,
  CONSTRAINT `fk_Caso_Tecnico1`
    FOREIGN KEY (`idTecnicoQueResolvio`)
    REFERENCES `incidentes`.`Tecnico` (`idTecnico`)
    ON DELETE NO ACTION
    ON UPDATE NO ACTION)
ENGINE = InnoDB;


-- -----------------------------------------------------
-- Table `incidentes`.`Especialidad`
-- -----------------------------------------------------
CREATE TABLE IF NOT EXISTS `incidentes`.`Especialidad` (
  `idEspecialidad` INT NOT NULL,
  `descripcion` VARCHAR(65) NOT NULL,
  PRIMARY KEY (`idEspecialidad`))
ENGINE = InnoDB;


-- -----------------------------------------------------
-- Table `incidentes`.`TecnicosPorServicio`
-- -----------------------------------------------------
CREATE TABLE IF NOT EXISTS `incidentes`.`TecnicosPorServicio` (
  `idServicio` VARCHAR(100) NOT NULL,
  `idTecnico` INT NOT NULL,
  PRIMARY KEY (`idServicio`, `idTecnico`),
  INDEX `fk_Service_has_Technical_Technical1_idx` (`idTecnico` ASC) VISIBLE,
  INDEX `fk_Service_has_Technical_Service1_idx` (`idServicio` ASC) VISIBLE,
  CONSTRAINT `fk_Service_has_Technical_Service1`
    FOREIGN KEY (`idServicio`)
    REFERENCES `incidentes`.`Servicio` (`idServicio`)
    ON DELETE NO ACTION
    ON UPDATE NO ACTION,
  CONSTRAINT `fk_Service_has_Technical_Technical1`
    FOREIGN KEY (`idTecnico`)
    REFERENCES `incidentes`.`Tecnico` (`idTecnico`)
    ON DELETE NO ACTION
    ON UPDATE NO ACTION)
ENGINE = InnoDB;


-- -----------------------------------------------------
-- Table `incidentes`.`ProblemaPorEspecialidad`
-- -----------------------------------------------------
CREATE TABLE IF NOT EXISTS `incidentes`.`ProblemaPorEspecialidad` (
  `idProblema` INT NOT NULL,
  `idEspecialidad` INT NOT NULL,
  PRIMARY KEY (`idProblema`, `idEspecialidad`),
  INDEX `fk_Problema_has_Especialidad_Especialidad1_idx` (`idEspecialidad` ASC) VISIBLE,
  INDEX `fk_Problema_has_Especialidad_Problema1_idx` (`idProblema` ASC) VISIBLE,
  CONSTRAINT `fk_Problema_has_Especialidad_Problema1`
    FOREIGN KEY (`idProblema`)
    REFERENCES `incidentes`.`Problema` (`idProblema`)
    ON DELETE NO ACTION
    ON UPDATE NO ACTION,
  CONSTRAINT `fk_Problema_has_Especialidad_Especialidad1`
    FOREIGN KEY (`idEspecialidad`)
    REFERENCES `incidentes`.`Especialidad` (`idEspecialidad`)
    ON DELETE NO ACTION
    ON UPDATE NO ACTION)
ENGINE = InnoDB;


-- -----------------------------------------------------
-- Table `incidentes`.`servicioPorCliente`
-- -----------------------------------------------------
CREATE TABLE IF NOT EXISTS `incidentes`.`servicioPorCliente` (
  `idServicio` VARCHAR(100) NOT NULL,
  `cuitCliente` VARCHAR(25) NOT NULL,
  PRIMARY KEY (`idServicio`, `cuitCliente`),
  INDEX `fk_Servicio_has_Cliente_Cliente1_idx` (`cuitCliente` ASC) VISIBLE,
  INDEX `fk_Servicio_has_Cliente_Servicio1_idx` (`idServicio` ASC) VISIBLE,
  CONSTRAINT `fk_Servicio_has_Cliente_Servicio1`
    FOREIGN KEY (`idServicio`)
    REFERENCES `incidentes`.`Servicio` (`idServicio`)
    ON DELETE NO ACTION
    ON UPDATE NO ACTION,
  CONSTRAINT `fk_Servicio_has_Cliente_Cliente1`
    FOREIGN KEY (`cuitCliente`)
    REFERENCES `incidentes`.`Cliente` (`cuitCliente`)
    ON DELETE NO ACTION
    ON UPDATE NO ACTION)
ENGINE = InnoDB;


-- -----------------------------------------------------
-- Table `incidentes`.`EspecialidadPorTecnico`
-- -----------------------------------------------------
CREATE TABLE IF NOT EXISTS `incidentes`.`EspecialidadPorTecnico` (
  `idEspecialidad` INT NOT NULL,
  `idTecnico` INT NOT NULL,
  PRIMARY KEY (`idEspecialidad`, `idTecnico`),
  INDEX `fk_Especialidad_has_Tecnico_Tecnico1_idx` (`idTecnico` ASC) VISIBLE,
  INDEX `fk_Especialidad_has_Tecnico_Especialidad1_idx` (`idEspecialidad` ASC) VISIBLE,
  CONSTRAINT `fk_Especialidad_has_Tecnico_Especialidad1`
    FOREIGN KEY (`idEspecialidad`)
    REFERENCES `incidentes`.`Especialidad` (`idEspecialidad`)
    ON DELETE NO ACTION
    ON UPDATE NO ACTION,
  CONSTRAINT `fk_Especialidad_has_Tecnico_Tecnico1`
    FOREIGN KEY (`idTecnico`)
    REFERENCES `incidentes`.`Tecnico` (`idTecnico`)
    ON DELETE NO ACTION
    ON UPDATE NO ACTION)
ENGINE = InnoDB;


SET SQL_MODE=@OLD_SQL_MODE;
SET FOREIGN_KEY_CHECKS=@OLD_FOREIGN_KEY_CHECKS;
SET UNIQUE_CHECKS=@OLD_UNIQUE_CHECKS;



use incidentes ;
insert into cliente (cuitCliente,razonSocial,emailCliente)
values ('10455268750','MonoTribustista','cliente1@gmail.com'),
 ('10455455750','MonoTribustista','cliente4@gmail.com'),
('13795968750','Responsable inscripto','cliente2@gmail.com'),
('10455967750','Empleado','cliente3@gmail.com');

insert into especialidad (idEspecialidad,descripcion)
values (54,'Tecnico especialista en redes'),
(55,'Tecnico especialista en soldadura'),
(56,'Tecnico especialista en atencion al cliente' ),
(57,'Tecnico especialista en servicios');

insert into Problema(idProblema,descripcion)
values (3,'No puedo ver la tv'),
(4,'Tengo Microcortes'),
(5,'Mi celular no agarra señal'),
(6,'novinieron aconectarme internet');

insert into problemaPorEspecialidad(idProblema,idEspecialidad)
values(3,54),
(4,55),
(5,56),
(6,57);

insert into reporte(idReporte,descripcionReporte,idProblema)
values(100,'corte de señal',3),
(101,'cortes de internet',4),
(102,'problemas de pago',5),
(103,'baja del servicio',6);

insert into servicio(idServicio,areaServicio)
values(4005,'Internet satelital'),
(4006,'Television por cable'),
(4007,'Servicio en la nube'),
(4088, 'Promociones');

insert into servicioPorCliente(idServicio,cuitCliente)
values(4005,'10455268750'),
(4006,'10455455750'),
(4007,'13795968750'),
(4088,'10455967750');

insert into tecnico(nombreApellido,telefono,idTecnico,emailTecnico)
values('Juan Perez','02945 45455493',45,'tecnico1@gmail.com'),
('Federico Lopez','2945 45567898',57,'tecnico2@gmail.com'),
('Pedro Gutierrez','02945 45768120',67,'tecnico3@gmail.com'),
('Lucas Vaez','02946 432111143',77,'tecnico4@gmail.com');

insert into tecnicosPorServicio(idServicio,idTecnico)
values(4005,45),
(4006,57),
(4007,67),
(4088,77);

insert into especialidadPorTecnico (idEspecialidad,idTecnico)
values (54,45),
(55,57),
(56,67),
(57,77);

insert into caso (aperturaTicket,descripcion,veredictoTecnico,cierreTicket,idCaso,idReporte,idServicio,cuitCliente,idTecnicoQueResolvio)
values (date('2022-09-20'),'se corta la señal a la hora del partido','	Hay que resetear el equipo', date('2023-05-15'),23,100,4005,'10455268750',45),
( date('2023-01-23'),'Tengo micro cortes de internet','Problemas de ip',date('2023-02-21'),24,101,4006,'10455455750',57),
( date('2020-09-05'),'No puedo pagar con Tarjeta de credito','Su tarjeta no funciona correctamente',date('2022-11-12'),25,102,4007,'13795968750',67),
( date('2021-04-04'),'No puedo darme de baja del servicio','Problema resuelto',date('2022-12-23'),26,103,4088,'10455967750',77);

